"","time","country","V1","valence","sky","temperature","...1","...3","ind_prod","ret_sales","unemp"
"1",1,"at","201801",0.484430274193547,0.247238503155996,38.6117014122395,"Austria","Jan-2018","110.0908",102.3891,5.7
"2",1,"be","201801",0.483976096774194,0.478664463452566,42.6754032258063,"Belgium","Jan-2018","108.291",99.51659,6.1
"3",1,"ca","201801",0.45179716129032,0.538896648044693,24.0346153846153,"Canada","Jan-2018","105.7252",110.4875,6
"4",1,"ch","201801",0.483020999999997,0.295521653543307,41.0210020590255,"Switzerland","Jan-2018","110.7",100.7,NA
"5",1,"cz","201801",NA,0.469197341513292,37.1300509337863,"Czech Republic","Jan-2018","113.58110000000001",115.1904,2.5
"6",1,"de","201801",0.494163790322576,0.341332630098453,42.5822580645161,"Germany","Jan-2018","106.7911",105.9088,3.5
"7",1,"dk","201801",0.494768725806445,0.513867781155015,37.3246455097906,"Denmark","Jan-2018","107.4",102.9571,5.1
"8",1,"es","201801",0.560570209677423,0.366303516819572,42.6848767488342,"Spain","Jan-2018","105.36109999999999",105.4,16.5
"9",1,"fi","201801",0.494631258064514,0.551049270072993,28.2304172274562,"Finland","Jan-2018","111.51860000000001",107.2179,8.5
"10",1,"fr","201801",0.505933677419345,0.472679363905325,45.3647294589176,"France","Jan-2018","101.81",107.791,9.2
"11",1,"gr","201801",0.457342945230323,0.271992554858934,50.1359406608227,"Greece","Jan-2018","107.4746",101.7,20.4
"12",1,"hu","201801",0.492335175045629,0.570921052631579,36.6104468219005,"Hungary","Jan-2018","108.70910000000001",115.2751,3.5
"13",1,"ie","201801",0.482810338709676,0.26837482946794,41.8195023537325,"Ireland","Jan-2018","102.4829",114.6,6
"14",1,"is","201801",0.467898040496404,0.281760533104041,31.8342741935484,"Israel","Jan-2018","106.60420000000001",115.6355,3.6941
"15",1,"it","201801",0.48235208064517,0.312085406301824,51.5252374491179,"Italy","Jan-2018","106.4911",98.7,11.1
"16",1,"jp","201801",0.50236837096774,0.194288866259335,42.7143386897405,"Japan","Jan-2018","101.2916",100.6091,2.4
"17",1,"mx","201801",0.580950048387103,0.236169652265543,55.2596417281349,"Mexico","Jan-2018","109.2166",105.5554,3.209572
"18",1,"nl","201801",0.539298919354841,0.286308623298033,42.0974427994617,"Netherlands","Jan-2018","105.19119999999999",106.6089,5.2
"19",1,"no","201801",0.435807419354838,0.553827474560592,24.412027027027,"Norway","Jan-2018","101.9395",102.1298,4
"20",1,"pl","201801",0.488316645161293,0.628647859922179,33.5629032258064,"Poland","Jan-2018","112.9",117.1,4.2
"21",1,"pt","201801",0.486437370967739,0.305908203125,52.6322580645161,"Portugal","Jan-2018","107.4091",111.4291,8
"22",1,"se","201801",0.464352951612898,0.766321656050955,29.9473684210528,"Sweden","Jan-2018","109.1909",105.2,6.8
"23",1,"sk","201801",0.475211058451817,0.445878799688231,37.8343651295009,"Slovak Republic","Jan-2018","107.4179",109.6726,7.3
"24",1,"tr","201801",0.51408882258065,NA,NA,"Turkey","Jan-2018","117.7902",114.4905,9.8
"25",1,"us","201801",0.448498935483874,0.300845170454545,31.73512252042,"United States","Jan-2018","100.4629",104.4113,4
"26",10,"at","201810",0.46460743548387,0.227812995245642,55.8258064516126,"Austria","Oct-2018","116.19029999999999",103.0883,5.3
"27",10,"be","201810",0.458720967741939,0.420461683417085,54.0290909090909,"Belgium","Oct-2018","106.69110000000001",99.91666,5.8
"28",10,"ca","201810",0.440838435483873,0.521496406570842,48.7387259858443,"Canada","Oct-2018","110.6279",111.798,5.9
"29",10,"ch","201810",0.477983387096769,0.320018796992481,50.9784488675359,"Switzerland","Oct-2018","115.8",101.3,NA
"30",10,"cz","201810",0.458640382941688,0.481120689655172,50.6834340991534,"Czech Republic","Oct-2018","112.9812",117.1902,2.1
"31",10,"de","201810",0.473768580645161,0.333896396396396,54.1866935483876,"Germany","Oct-2018","105.69119999999999",108.409,3.3
"32",10,"dk","201810",0.499643000000001,0.389141266119578,51.305548037889,"Denmark","Oct-2018","109.7",103.257,4.9
"33",10,"es","201810",0.572819532258069,0.332731648616125,59.1961461794019,"Spain","Oct-2018","106.22709999999999",105.5,14.6
"34",10,"fi","201810",0.487226500000003,0.415618712273642,43.9818548387097,"Finland","Oct-2018","111.1185",106.4177,7.2
"35",10,"fr","201810",0.496026999999999,0.458112874779541,56.5742799732083,"France","Oct-2018","103.96",111.3907,8.8
"36",10,"gr","201810",0.449150752427186,0.240123456790123,64.9286968264687,"Greece","Oct-2018","107.974",97.2,18.7
"37",10,"hu","201810",0.46521909677419,0.467302452316076,55.3749336870026,"Hungary","Oct-2018","110.8092",120.4695,3.6
"38",10,"ie","201810",0.456789580645164,0.245535714285714,49.3289367429341,"Ireland","Oct-2018","110.4816",116.2,5.8
"39",10,"is","201810",0.461133817126272,0.267363669859985,39.206056527591,"Israel","Oct-2018","102.5761",116.9732,3.992036
"40",10,"it","201810",0.48387567741936,0.291566985645933,66.1619372442021,"Italy","Oct-2018","106.5911",99.9,10.7
"41",10,"jp","201810",0.51771464516129,0.195291777188329,67.8200000000001,"Japan","Oct-2018","105.2912",102.4681,2.4
"42",10,"mx","201810",0.609855806451612,0.471438547486034,63.6328523862373,"Mexico","Oct-2018","..",107.6658,3.151691
"43",10,"nl","201810",0.516809274193553,0.280092592592593,54.5266129032259,"Netherlands","Oct-2018","103.1914",108.509,4.7
"44",10,"no","201810",0.440902564516131,0.483811748998665,42.3945725915875,"Norway","Oct-2018","103.3359",102.627,3.9
"45",10,"pl","201810",0.463410903225806,0.504325259515571,50.4433378196501,"Poland","Oct-2018","118.6",121.4,3.9
"46",10,"pt","201810",0.460099887096778,0.234955185659411,64.9167582417583,"Portugal","Oct-2018","106.4691",115.699,6.7
"47",10,"se","201810",0.46460629032258,0.633768913342503,45.4043068640646,"Sweden","Oct-2018","111.69070000000001",106.6,6.6
"48",10,"sk","201810",0.439086182606343,0.32061170212766,55.5267105263155,"Slovak Republic","Oct-2018","117.5196",114.5714,6.1
"49",10,"tr","201810",0.4605215,NA,NA,"Turkey","Oct-2018","109.8908",102.2915,11.6
"50",10,"us","201810",0.429276129032258,0.416673329069396,58.5517156862745,"United States","Oct-2018","103.071",105.5364,3.8
"51",11,"at","201811",0.47603015,0.283681906614786,42.979748603352,"Austria","Nov-2018","114.99039999999999",102.5889,4.8
"52",11,"be","201811",0.4535844,0.45530868385346,44.7108467459761,"Belgium","Nov-2018","112.4906",100.3167,5.9
"53",11,"ca","201811",0.444037766666663,0.537845303867403,35.8198019801979,"Canada","Nov-2018","109.6704",111.1241,5.7
"54",11,"ch","201811",0.470778249999991,0.395656779661017,41.5533523537804,"Switzerland","Nov-2018","115.3",101.1,NA
"55",11,"cz","201811",0.450643416666667,0.575717866909754,39.3297674418605,"Czech Republic","Nov-2018","114.181",118.8901,1.9
"56",11,"de","201811",0.480387366666666,0.437065541211519,44.7055865921788,"Germany","Nov-2018","103.6914",108.409,3.3
"57",11,"dk","201811",0.496720466666666,0.522010357815443,43.7189340813464,"Denmark","Nov-2018","110.4",105.3561,5.3
"58",11,"es","201811",0.558274900000005,0.372332317073171,49.9092024539878,"Spain","Nov-2018","104.61709999999999",106.7,14.6
"59",11,"fi","201811",0.472757666666669,0.574445564516129,37.1605042016807,"Finland","Nov-2018","111.0185",107.718,7.1
"60",11,"fr","201811",0.502408383333335,0.464171511627907,46.3002770083102,"France","Nov-2018","102.93",110.1908,8.8
"61",11,"gr","201811",0.447991202149096,0.28125,58.2166783461806,"Greece","Nov-2018","112.3689",101.2,18.5
"62",11,"hu","201811",0.456183516666665,0.683954619124797,44.2222071767096,"Hungary","Nov-2018","110.1092",120.3696,3.4
"63",11,"ie","201811",0.449870000000002,0.267208149779736,47.4704402515725,"Ireland","Nov-2018","96.183970000000002",116.7,5.8
"64",11,"is","201811",0.483911853921377,0.315723793677205,39.0379623168182,"Israel","Nov-2018","100.9836",119.8161,4.021734
"65",11,"it","201811",0.466928233333344,0.322046109510086,56.9273492286116,"Italy","Nov-2018","104.6913",100.3,10.6
"66",11,"jp","201811",0.511507266666665,0.204818244170096,59.2994035785288,"Japan","Nov-2018","104.0913",101.8834,2.5
"67",11,"mx","201811",0.601625616666669,0.3125,60.5102958579881,"Mexico","Nov-2018","..",107.6181,3.319876
"68",11,"nl","201811",0.515184100000006,0.344011350059737,44.6238826815641,"Netherlands","Nov-2018","103.4914",109.3091,4.6
"69",11,"no","201811",0.449802233333337,0.572695412064571,35.1956338028168,"Norway","Nov-2018","100.7758",103.4226,3.7
"70",11,"pl","201811",0.463261333333332,0.680501662971175,40.2470670391061,"Poland","Nov-2018","117.7",122.9,3.9
"71",11,"pt","201811",0.447428616666671,0.267953228476821,56.474720670391,"Portugal","Nov-2018","103.12909999999999",116.099,6.8
"72",11,"se","201811",0.464490066666663,0.791587677725119,38.2635474860335,"Sweden","Nov-2018","110.0908",107.5,6.7
"73",11,"sk","201811",0.439036949069542,0.439722222222222,43.9512195121953,"Slovak Republic","Nov-2018","114.01900000000001",115.4711,6
"74",11,"tr","201811",0.456536333333331,0.388129425649095,53.3572727272728,"Turkey","Nov-2018","109.6909",102.8914,12.2
"75",11,"us","201811",0.432203416666663,0.449597666187369,45.2689054726369,"United States","Nov-2018","102.997",105.9084,3.8
"76",12,"at","201812",0.510558951612911,0.273443542150039,36.4303967720243,"Austria","Dec-2018","118.6901",103.2881,5.3
"77",12,"be","201812",0.480711854838715,0.460749330954505,42.7915151515151,"Belgium","Dec-2018","107.2911",99.71662,5.9
"78",12,"ca","201812",0.479302064516129,0.614663726571114,32.5973626373628,"Canada","Dec-2018","108.664",111.4995,5.8
"79",12,"ch","201812",0.497887306451613,0.311172161172161,38.7947838023336,"Switzerland","Dec-2018","116.1",100.9,NA
"80",12,"cz","201812",0.482589419354841,0.494933477722772,36.6138161559888,"Czech Republic","Dec-2018","113.98099999999999",119.1901,2.2
"81",12,"de","201812",0.510222693548395,0.343860894251242,40.560887096774,"Germany","Dec-2018","104.29130000000001",108.309,3.3
"82",12,"dk","201812",0.516791629032263,0.527416356877323,40.1474324324324,"Denmark","Dec-2018","118.9",104.2566,5.1
"83",12,"es","201812",0.56617941935484,0.466990894039735,42.6357235984356,"Spain","Dec-2018","104.33710000000001",105.9,14.5
"84",12,"fi","201812",0.477231080645164,0.578592268417214,28.7024193548387,"Finland","Dec-2018","112.7188",109.6183,5.9
"85",12,"fr","201812",0.511515064516128,0.501240293356342,44.3474949899799,"France","Dec-2018","104.26",110.1908,8.8
"86",12,"gr","201812",0.488131963630008,0.296733449477352,48.8222822417286,"Greece","Dec-2018","110.3712",103.6,18.4
"87",12,"hu","201812",0.498357532258065,0.558430824008138,32.7606598984771,"Hungary","Dec-2018","116.0097",121.0688,3.6
"88",12,"ie","201812",0.489689500000001,0.269888316151203,46.2258064516128,"Ireland","Dec-2018","88.485249999999994",114.9,5.5
"89",12,"is","201812",0.523747206653418,0.32117927994122,37.300806451613,"Israel","Dec-2018","103.6066",119.0635,4.266619
"90",12,"it","201812",0.492261629032268,0.326445439739414,49.8066216216216,"Italy","Dec-2018","105.3912",99.9,10.2
"91",12,"jp","201812",0.515985306451611,0.207117706237425,49.1100123609394,"Japan","Dec-2018","104.3913",102.8743,2.5
"92",12,"mx","201812",0.614432741935484,0.274658469945355,58.4990291262136,"Mexico","Dec-2018","..",105.3361,3.647477
"93",12,"nl","201812",0.536941887096788,0.308928571428571,43.9286290322579,"Netherlands","Dec-2018","100.7916",107.809,4.6
"94",12,"no","201812",0.45165332258065,0.519115532118888,25.7672554347827,"Norway","Dec-2018","100.3103",102.0303,3.7
"95",12,"pl","201812",0.499439177419359,0.601144688644689,35.044758064516,"Poland","Dec-2018","118.9",122.2,3.9
"96",12,"pt","201812",0.471459854838714,0.293599397590361,53.5419354838707,"Portugal","Dec-2018","103.06910000000001",115.029,6.8
"97",12,"se","201812",0.468203870967743,0.705989110707804,31.8254545454544,"Sweden","Dec-2018","111.5907",107,6.8
"98",12,"sk","201812",0.489991176995897,0.470359848484848,35.8531432274789,"Slovak Republic","Dec-2018","117.1195",113.8715,5.9
"99",12,"tr","201812",0.452964112903225,0.476721094439541,43.0534867975625,"Turkey","Dec-2018","107.89100000000001",103.6914,12.7
"100",12,"us","201812",0.458095032258065,0.399685866785277,40.8520142180094,"United States","Dec-2018","102.9517",103.4688,3.9
"101",13,"at","201901",0.468486677419361,0.275054347826087,33.014699932569,"Austria","Jan-2019","117.9902",102.3891,4.9
"102",13,"be","201901",0.465183951612904,0.469328193832599,37.7087103308574,"Belgium","Jan-2019","112.2906",99.71662,5.7
"103",13,"ca","201901",0.441205322580644,0.542467948717949,21.1381193124368,"Canada","Jan-2019","107.38200000000001",111.3409,5.9
"104",13,"ch","201901",0.46493022580645,0.274616626311542,32.5451923076924,"Switzerland","Jan-2019","115.9",101.5,NA
"105",13,"cz","201901",0.450504338709683,0.437380420918367,31.1579725448785,"Czech Republic","Jan-2019","113.0812",120.29,2.1
"106",13,"de","201901",0.483253225806457,0.290690866510539,35.8457296570275,"Germany","Jan-2019","103.1914",109.8092,3.3
"107",13,"dk","201901",0.48738230645161,0.577028740490279,35.7742721733244,"Denmark","Jan-2019","110.2",103.8567,5.2
"108",13,"es","201901",0.562344403225807,0.33786231884058,40.4217741935483,"Spain","Jan-2019","107.2971",106.7,14.4
"109",13,"fi","201901",0.466770741935484,0.544722719141324,20.7436449226631,"Finland","Jan-2019","113.6189",108.018,6.7
"110",13,"fr","201901",0.504174758064519,0.587489779231398,38.9856856187292,"France","Jan-2019","104.61",110.9908,8.7
"111",13,"gr","201901",0.44155160507652,0.250970784023669,47.3627623561272,"Greece","Jan-2019","110.9705",98.7,18.8
"112",13,"hu","201901",0.467897096774193,0.546621963562753,30.1141781681305,"Hungary","Jan-2019","114.3095",121.868,3.4
"113",13,"ie","201901",0.446582209677419,0.288666328600406,41.8873069173943,"Ireland","Jan-2019","98.183639999999997",113.8,5.1
"114",13,"is","201901",0.473810348387094,0.363834106728538,33.9014765100672,"Israel","Jan-2019","105.7611",120.4013,4.254467
"115",13,"it","201901",0.482280774193555,0.328751728907331,44.4113590263693,"Italy","Jan-2019","106.0912",100.5,10.4
"116",13,"jp","201901",0.512583870967739,0.196174531575295,44.4030902348578,"Japan","Jan-2019","102.39149999999999",101.3962,2.5
"117",13,"mx","201901",0.604854516129037,0.265468227424749,59.3106194690265,"Mexico","Jan-2019","..",107.9657,3.390809
"118",13,"nl","201901",0.510677548387109,0.297245260663507,38.9977119784656,"Netherlands","Jan-2019","103.9913",108.109,4.6
"119",13,"no","201901",0.433087483870973,0.499017857142857,22.4913580246914,"Norway","Jan-2019","98.332040000000006",103.522,3.8
"120",13,"pl","201901",0.464186645161286,0.611282920989625,29.0367182246133,"Poland","Jan-2019","119.4",121.1,3.9
"121",13,"pt","201901",0.454292596774195,0.251358695652174,50.9671822461332,"Portugal","Jan-2019","104.6491",115.569,6.7
"122",13,"se","201901",0.443608225806448,0.688522196261682,26.1521183591122,"Sweden","Jan-2019","112.6906",107.9,6.4
"123",13,"sk","201901",0.458334823923982,0.387262658227848,32.2036455059709,"Slovak Republic","Jan-2019","114.4191",114.2714,5.8
"124",13,"tr","201901",0.459410790322584,0.432072368421053,42.7636852723606,"Turkey","Jan-2019","109.6909",105.6912,13.6
"125",13,"us","201901",0.427168435483871,0.384720708446867,33.9478260869565,"United States","Jan-2019","102.392",104.9178,4
"126",14,"at","201902",0.472363642857151,0.273311306901615,40.1341772151899,"Austria","Feb-2019","117.7902",103.2881,5.1
"127",14,"be","201902",0.459183428571432,0.438577586206897,44.0766816143498,"Belgium","Feb-2019","111.8907",100.3167,5.6
"128",14,"ca","201902",0.440506892857138,0.59698275862069,25.2777335984095,"Canada","Feb-2019","106.821",110.4711,5.9
"129",14,"ch","201902",0.477334267857145,0.265478424015009,37.9872243346007,"Switzerland","Feb-2019","115.7",101.4,NA
"130",14,"cz","201902",0.453636946428576,0.45731100795756,36.2619203135206,"Czech Republic","Feb-2019","113.1811",120.8899,1.7
"131",14,"de","201902",0.476071875000007,0.311670812603648,40.2145941921072,"Germany","Feb-2019","103.6914",110.3092,3.2
"132",14,"dk","201902",0.477170732142857,0.664385330578512,39.9385650224216,"Denmark","Feb-2019","110",104.8563,5.1
"133",14,"es","201902",0.569721785714288,0.304080310880829,45.0905435591959,"Spain","Feb-2019","106.6011",107.3,14.3
"134",14,"fi","201902",0.467342589285717,0.571954387990762,31.5714285714284,"Finland","Feb-2019","111.4186",107.918,7
"135",14,"fr","201902",0.499691410714293,0.461833602584814,45.2637918215613,"France","Feb-2019","104.8",112.3906,8.7
"136",14,"gr","201902",0.434142867620093,0.242404159869494,48.4322580645162,"Greece","Feb-2019","109.9717",100.7,18.5
"137",14,"hu","201902",0.456646107142864,0.52323717948718,37.8711496746204,"Hungary","Feb-2019","114.40949999999999",122.1676,3.2
"138",14,"ie","201902",0.452797696428573,0.279612756264237,45.4839285714286,"Ireland","Feb-2019","100.78319999999999",120.1,4.9
"139",14,"is","201902",0.461705305709952,0.302429149797571,34.0278481012658,"Israel","Feb-2019","106.04219999999999",121.4883,4.061798
"140",14,"it","201902",0.469288053571437,0.383245382585752,49.4957831325302,"Italy","Feb-2019","106.69110000000001",99.8,10.5
"141",14,"jp","201902",0.514126071428569,0.217730496453901,46.3497674418603,"Japan","Feb-2019","102.8914",101.4948,2.4
"142",14,"mx","201902",0.596457500000014,0.1562876960193,64.5454764776839,"Mexico","Feb-2019","..",109.3288,3.295655
"143",14,"nl","201902",0.507594160714292,0.283634868421053,43.4634400595681,"Netherlands","Feb-2019","102.8914",109.1091,4.4
"144",14,"no","201902",0.433714625000003,0.559655049786629,29.7775784753363,"Norway","Feb-2019","96.237399999999994",101.9309,3.8
"145",14,"pl","201902",0.46471344642857,0.602178423236514,37.7241071428572,"Poland","Feb-2019","121.3",123.3,3.8
"146",14,"pt","201902",0.454642214285721,0.263070342205323,53.7245535714287,"Portugal","Feb-2019","103.1091",115.379,6.7
"147",14,"se","201902",0.449899124999999,0.759304511278196,33.7678092399403,"Sweden","Feb-2019","111.9907",107,7
"148",14,"sk","201902",0.454575262844671,0.367319508448541,39.751674982181,"Slovak Republic","Feb-2019","115.5193",111.4721,5.8
"149",14,"tr","201902",0.454305267857141,0.524570024570025,42.8859060402683,"Turkey","Feb-2019","111.3907",105.9912,13.8
"150",14,"us","201902",0.428841785714281,0.367007992007992,35.1143617021277,"United States","Feb-2019","101.8227",104.463,3.8
"151",15,"at","201903",0.493294387096779,0.22640306122449,47.4336032388664,"Austria","Mar-2019","116.9902",102.8885,4.9
"152",15,"be","201903",0.468061370967744,0.425288739172281,47.0806212018906,"Belgium","Mar-2019","110.7908",100.5168,5.6
"153",15,"ca","201903",0.437733887096769,0.472965440356745,30.8256578947368,"Canada","Mar-2019","108.72199999999999",111.8306,5.8
"154",15,"ch","201903",0.496165677419355,0.218561973525872,44.7114167812931,"Switzerland","Mar-2019","115.6",101.2,NA
"155",15,"cz","201903",0.459168677419356,0.404722744360902,43.6756183745584,"Czech Republic","Mar-2019","113.4811",121.3899,2
"156",15,"de","201903",0.500271500000006,0.259275398406374,47.0557575757575,"Germany","Mar-2019","104.3913",111.0093,3.2
"157",15,"dk","201903",0.485719048387098,0.540194153577661,42.0894418291864,"Denmark","Mar-2019","112.6",104.5564,5.4
"158",15,"es","201903",0.577680306451618,0.332435344827586,52.5391773432231,"Spain","Mar-2019","105.98009999999999",107.3,14.2
"159",15,"fi","201903",0.468075483870966,0.5115234375,31.5924528301886,"Finland","Mar-2019","111.21850000000001",109.2182,6.4
"160",15,"fr","201903",0.504612854838714,0.447233606557377,49.1327052489906,"France","Mar-2019","104.36",111.9907,8.7
"161",15,"gr","201903",0.437798740513486,0.253258980301275,54.5476902173914,"Greece","Mar-2019","107.7743",105.2,17.9
"162",15,"hu","201903",0.472809435483873,0.372859589041096,47.0646517739816,"Hungary","Mar-2019","116.0097",123.0667,3.2
"163",15,"ie","201903",0.461147112903227,0.267181978798587,45.0989858012171,"Ireland","Mar-2019","101.48309999999999",120.8,5
"164",15,"is","201903",0.47320796057619,0.280494933749026,33.9504076086957,"Israel","Mar-2019","106.4169",119.398,3.897781
"165",15,"it","201903",0.484515387096782,0.3625,53.5756756756758,"Italy","Mar-2019","105.7912",99.5,10.1
"166",15,"jp","201903",0.52875093548387,0.206483644859813,51.9963235294116,"Japan","Mar-2019","102.4915",101.7904,2.5
"167",15,"mx","201903",0.614150225806463,0.184574468085106,66.6155319148936,"Mexico","Mar-2019","..",108.1901,3.518031
"168",15,"nl","201903",0.513242274193555,0.266848722176422,46.3514824797844,"Netherlands","Mar-2019","103.3914",109.4091,4.4
"169",15,"no","201903",0.444067806451613,0.483552631578947,32.4169072164949,"Norway","Mar-2019","95.422809999999998",102.7264,3.6
"170",15,"pl","201903",0.473595887096771,0.518172748004561,42.9191087103309,"Poland","Mar-2019","121.5",123.7,3.7
"171",15,"pt","201903",0.46191806451613,0.234972133757962,57.9610249494269,"Portugal","Mar-2019","102.8091",118.029,6.6
"172",15,"se","201903",0.452441532258061,0.69344850065189,34.9886792452831,"Sweden","Mar-2019","110.49079999999999",108.1,7.5
"173",15,"sk","201903",0.455471625448366,0.302542372881356,47.8874112330536,"Slovak Republic","Mar-2019","117.5196",109.8725,5.7
"174",15,"tr","201903",0.457312758064519,0.404240353697749,48.7490489130436,"Turkey","Mar-2019","114.6904",107.3911,13.9
"175",15,"us","201903",0.43783003225806,0.379736598890943,39.7219264892268,"United States","Mar-2019","101.95699999999999",105.6903,3.8
"176",16,"at","201904",0.507237616666671,0.277126736111111,53.0170952050036,"Austria","Apr-2019","114.8904",104.1871,4.9
"177",16,"be","201904",0.458966983333341,0.381022483940043,50.8024999999999,"Belgium","Apr-2019","116.8903",101.4169,5.6
"178",16,"ca","201904",0.444960183333333,0.546554054054054,43.3137339055792,"Canada","Apr-2019","111.2855",110.8256,5.8
"179",16,"ch","201904",0.491249633333336,0.252099664053751,48.8990786676116,"Switzerland","Apr-2019","115.4",101.5,NA
"180",16,"cz","201904",0.46099948333334,0.465062862669246,49.6663122923587,"Czech Republic","Apr-2019","114.5809",122.4898,2.1
"181",16,"de","201904",0.511656333333336,0.247785829307568,53.1525,"Germany","Apr-2019","101.6915",110.5092,3.2
"182",16,"dk","201904",0.492164183333334,0.562125,47.3572614107884,"Denmark","Apr-2019","113.1",105.1562,5.2
"183",16,"es","201904",0.579747866666673,0.314854887983707,54.062962962963,"Spain","Apr-2019","106.60209999999999",107.2,14.2
"184",16,"fi","201904",0.486516533333335,0.398026315789474,43.098121085595,"Finland","Apr-2019","115.0192",109.5182,7.1
"185",16,"fr","201904",0.496610950000011,0.399819494584838,52.5586159169552,"France","Apr-2019","104.7",112.9906,8.6
"186",16,"gr","201904",0.43765149115418,0.226993865030675,57.46629448709,"Greece","Apr-2019","109.1726",101.1,17.9
"187",16,"hu","201904",0.474090083333339,0.431093394077449,55.1596730245231,"Hungary","Apr-2019","115.50960000000001",125.3642,3.3
"188",16,"ie","201904",0.458969566666671,0.261138613861386,47.0807772380292,"Ireland","Apr-2019","100.8832",120.8,5.1
"189",16,"is","201904",0.471503964059191,0.364105935386927,42.7775000000001,"Israel","Apr-2019","106.7916",122.408,3.941908
"190",16,"it","201904",0.477347216666677,0.306898066783831,56.3119330076761,"Italy","Apr-2019","104.4913",100.4,10.3
"191",16,"jp","201904",0.531845966666663,0.200146092037984,57.1977070063694,"Japan","Apr-2019","102.6914",101.3921,2.4
"192",16,"mx","201904",0.615588433333345,0.311934389140271,68.5843891402715,"Mexico","Apr-2019","..",108.4899,3.546997
"193",16,"nl","201904",0.520656683333341,0.243761343012704,51.8951321279556,"Netherlands","Apr-2019","102.2915",110.3092,4.3
"194",16,"no","201904",0.447788783333336,0.412171052631579,43.6701482004234,"Norway","Apr-2019","96.470129999999997",104.417,3.3
"195",16,"pl","201904",0.476781483333332,0.564876425855513,52.0900000000001,"Poland","Apr-2019","122.4",126.1,3.4
"196",16,"pt","201904",0.464592866666669,0.233831400535236,57.5166898470097,"Portugal","Apr-2019","105.8391",117.089,6.7
"197",16,"se","201904",0.465337483333335,0.687749003984064,43.5374999999999,"Sweden","Apr-2019","111.3907",112.4,6.6
"198",16,"sk","201904",0.445991450777197,0.274726640159046,54.1664420485174,"Slovak Republic","Apr-2019","116.7195",111.7721,5.7
"199",16,"tr","201904",0.469872399999999,0.439575426944972,52.6230715774842,"Turkey","Apr-2019","114.09050000000001",106.2911,13.8
"200",16,"us","201904",0.439884866666671,0.430804335424986,52.3916174734357,"United States","Apr-2019","101.3532",105.6849,3.6
"201",17,"at","201905",0.517756331666403,0.229965585054081,54.959677419355,"Austria","May-2019","115.0904",102.3891,4.9
"202",17,"be","201905",0.471244403225808,0.385502958579882,52.8865410497982,"Belgium","May-2019","112.59059999999999",100.0167,5.6
"203",17,"ca","201905",0.465002532258063,0.471454640250261,53.0067971163749,"Canada","May-2019","111.3775",110.8303,5.4
"204",17,"ch","201905",0.497011258064517,0.223327688399661,51.9531914893618,"Switzerland","May-2019","116.6",101.6,NA
"205",17,"cz","201905",0.45275782258065,0.383516630901288,51.8291017964071,"Czech Republic","May-2019","117.68040000000001",120.19,2.1
"206",17,"de","201905",0.512104194224879,0.235675512665862,54.9524193548386,"Germany","May-2019","102.8914",108.9091,3.1
"207",17,"dk","201905",0.497577854838709,0.57671522556391,52.1547445255474,"Denmark","May-2019","118.4",103.257,5
"208",17,"es","201905",0.593985274193557,0.325147058823529,65.4308209959623,"Spain","May-2019","106.8001",107.8,14.2
"209",17,"fi","201905",0.506435548387098,0.406125498007968,50.5788331071913,"Finland","May-2019","112.0187",107.2179,6.8
"210",17,"fr","201905",0.507144193548396,0.375838926174497,55.7689216342934,"France","May-2019","106.06",112.5906,8.6
"211",17,"gr","201905",0.447847495961235,0.253386699507389,65.9456389452334,"Greece","May-2019","108.27370000000001",101.6,17
"212",17,"hu","201905",0.481991629032258,0.473694620253165,56.9468208092487,"Hungary","May-2019","118.8099",123.3664,3.4
"213",17,"ie","201905",0.468111435483869,0.23816510172144,51.0125000000001,"Ireland","May-2019","99.483419999999995",118.5,5.2
"214",17,"is","201905",0.493078083725095,0.328151618398637,44.8017555705605,"Israel","May-2019","106.3232",121.1538,3.684264
"215",17,"it","201905",0.481950838709688,0.316671545667447,59.3942857142857,"Italy","May-2019","106.4911",100,10
"216",17,"jp","201905",0.541709612903221,0.193968797564688,68.314606741573,"Japan","May-2019","103.8913",101.3921,2.3
"217",17,"mx","201905",0.628286451612914,0.347012917115178,71.2144241119485,"Mexico","May-2019","..",109.151,3.578773
"218",17,"nl","201905",0.535085612903228,0.273902266288952,53.0831203765972,"Netherlands","May-2019","102.6914",110.1092,4.3
"219",17,"no","201905",0.44983283870968,0.371496815286624,48.0974915254238,"Norway","May-2019","96.470129999999997",103.2237,3.4
"220",17,"pl","201905",0.484862306451613,0.489399592944369,56.8562205783456,"Poland","May-2019","122.5",122.2,3.3
"221",17,"pt","201905",0.476761629032258,0.309180699481865,66.816935483871,"Portugal","May-2019","106.3691",119.109,6.7
"222",17,"se","201905",0.47230403225806,0.487637362637363,49.9721774193548,"Sweden","May-2019","111.8907",108.1,6.7
"223",17,"sk","201905",0.443758853288359,0.28641780155642,55.5025242718447,"Slovak Republic","May-2019","117.2195",109.5726,5.7
"224",17,"tr","201905",0.471891693548384,0.347230816831683,65.4398117014122,"Turkey","May-2019","115.0904",111.4907,13.7
"225",17,"us","201905",0.457008483870969,0.485544307822769,59.0418308227115,"United States","May-2019","101.5491",105.8163,3.6
"226",18,"at","201906",0.515081716666672,0.220494923857868,73.6562499999999,"Austria","Jun-2019","115.49039999999999",103.7876,4.6
"227",18,"be","201906",0.480288033333333,0.333163680781759,64.4025034770515,"Belgium","Jun-2019","116.3903",99.71662,5.5
"228",18,"ca","201906",0.485391499999993,0.373092723004695,64.8679156908665,"Canada","Jun-2019","110.5493",111.0401,5.5
"229",18,"ch","201906",0.501665666666668,0.216379915730337,67.3254790631653,"Switzerland","Jun-2019","119",104,NA
"230",18,"cz","201906",0.459363700000005,0.280785891089109,70.5565387117762,"Czech Republic","Jun-2019","112.7812",122.5898,1.8
"231",18,"de","201906",0.504488033333341,0.226967370441459,70.6368311327311,"Germany","Jun-2019","101.9915",112.4094,3.1
"232",18,"dk","201906",0.514035500000003,0.492775974025974,64.6130919220057,"Denmark","Jun-2019","110.7",104.2566,4.6
"233",18,"es","201906",0.602050000000003,0.277020676691729,75.1147632311978,"Spain","Jun-2019","106.29810000000001",108.2,14.1
"234",18,"fi","201906",0.536253033333338,0.336138613861386,63.6360975609755,"Finland","Jun-2019","114.4191",108.6181,6.2
"235",18,"fr","201906",0.520759950000009,0.316841680129241,67.1868147120056,"France","Jun-2019","103.75",112.8906,8.6
"236",18,"gr","201906",0.455919900000004,0.240113941018767,78.1708245243128,"Greece","Jun-2019","108.3736",103.7,16.8
"237",18,"hu","201906",0.497210933333332,0.299007128309572,73.4977867203218,"Hungary","Jun-2019","114.70959999999999",124.9646,3.1
"238",18,"ie","201906",0.479804283333326,0.242481884057971,54.7546463245492,"Ireland","Jun-2019","100.1833",118.3,5.2
"239",18,"is","201906",0.492438299454628,0.354535974973931,49.37369519833,"Israel","Jun-2019","105.7611",122.9097,3.970161
"240",18,"it","201906",0.515962866666676,0.25828729281768,74.2968597348222,"Italy","Jun-2019","105.8912",101.1,9.6
"241",18,"jp","201906",0.542601585182709,0.189292394014963,71.4551980198024,"Japan","Jun-2019","101.39149999999999",101.8871,2.3
"242",18,"mx","201906",0.627102666666677,0.501492942453854,66.6651465798045,"Mexico","Jun-2019","..",109.3859,3.539362
"243",18,"nl","201906",0.548412900000001,0.264527458492976,64.2062500000001,"Netherlands","Jun-2019","101.5915",110.1092,4.4
"244",18,"no","201906",0.460680983333329,0.351644736842105,58.096859734822,"Norway","Jun-2019","95.306439999999995",102.8259,3.6
"245",18,"pl","201906",0.499329750000007,0.30487400530504,73.7787499999999,"Poland","Jun-2019","120.2",125.3,3.3
"246",18,"pt","201906",0.490793616666664,0.254197332106716,65.2675,"Portugal","Jun-2019","100.72920000000001",116.479,6.7
"247",18,"se","201906",0.48934576666666,0.505720338983051,62.4597077244258,"Sweden","Jun-2019","112.0907",108.6,6.5
"248",18,"sk","201906",0.470034631960011,0.282882462686567,73.9151597552684,"Slovak Republic","Jun-2019","112.4187",109.4726,5.7
"249",18,"tr","201906",0.473165799999999,0.38637487636004,75.018497913769,"Turkey","Jun-2019","110.0908",109.8908,13.7
"250",18,"us","201906",0.472183749999997,0.303405662566721,69.8976303317536,"United States","Jun-2019","101.48180000000001",106.1249,3.6
"251",19,"at","201907",0.522666048387102,0.207460732984293,72.016129032258,"Austria","Jul-2019","114.8904",104.8864,4.8
"252",19,"be","201907",0.49779735483871,0.378641732283465,66.3512096774193,"Belgium","Jul-2019","108.9909",101.7169,5.3
"253",19,"ca","201907",0.495365419354838,0.349290266512167,74.4011587485516,"Canada","Jul-2019","108.53019999999999",111.6231,5.8
"254",19,"ch","201907",0.508117887096774,0.227208646616541,69.4575549450551,"Switzerland","Jul-2019","118.3",103.4,NA
"255",19,"cz","201907",0.476613596774199,0.321204061895551,67.9723247232471,"Czech Republic","Jul-2019","112.5812",121.6899,2.1
"256",19,"de","201907",0.516991854838717,0.253833049403748,70.9129032258062,"Germany","Jul-2019","101.39149999999999",111.7093,3.1
"257",19,"dk","201907",0.522163274193558,0.487673240938166,64.6018691588785,"Denmark","Jul-2019","113.5",102.9571,4.7
"258",19,"es","201907",0.623071935483871,0.219883419689119,82.7293565683646,"Spain","Jul-2019","105.3171",108.2,14.1
"259",19,"fi","201907",0.539148177419354,0.304405120481928,62.2286290322581,"Finland","Jul-2019","115.0192",109.4182,6.6
"260",19,"fr","201907",0.532644161290332,0.336014851485149,70.8480859637342,"France","Jul-2019","103.99",111.8907,8.3
"261",19,"gr","201907",0.469124419354841,0.256125415282392,80.3102319236015,"Greece","Jul-2019","106.6755",102.7,17.3
"262",19,"hu","201907",0.501940145161292,0.269772117962466,70.9505154639174,"Hungary","Jul-2019","116.80970000000001",125.6639,3.4
"263",19,"ie","201907",0.497394854838705,0.243036568694463,60.9658372562202,"Ireland","Jul-2019","96.283950000000004",115,5.1
"264",19,"is","201907",0.487952683677956,0.315427280197206,54.3629380053906,"Israel","Jul-2019","109.0398",123.495,3.645944
"265",19,"it","201907",0.534601806451623,0.281640625,78.1508795669824,"Italy","Jul-2019","105.8912",101.3,9.6
"266",19,"jp","201907",0.556542326332792,0.195757486788021,75.3940246045695,"Japan","Jul-2019","101.7915",100.1151,2.3
"267",19,"mx","201907",0.642522258064525,0.494517543859649,64.1436532507739,"Mexico","Jul-2019","..",109.6114,3.514802
"268",19,"nl","201907",0.545805564516129,0.242341640706127,65.6698049764626,"Netherlands","Jul-2019","101.6915",110.0092,4.4
"269",19,"no","201907",0.479195693548381,0.306138392857143,62.4635994587281,"Norway","Jul-2019","96.470129999999997",103.7209,3.8
"270",19,"pl","201907",0.509125483870972,0.391423357664234,67.0473436449226,"Poland","Jul-2019","121.8",124.5,3.2
"271",19,"pt","201907",0.502858645161293,0.314314688300598,69.7951580363145,"Portugal","Jul-2019","106.4091",117.199,6.6
"272",19,"se","201907",0.501169790322585,0.467657342657343,59.9429724277067,"Sweden","Jul-2019","112.0907",109.6,7.3
"273",19,"sk","201907",0.476282896973818,0.253489847715736,72.4714193130265,"Slovak Republic","Jul-2019","111.8186",110.3724,5.7
"274",19,"tr","201907",0.475971500000002,0.336746987951807,75.0681451612902,"Turkey","Jul-2019","114.3905",106.9911,13.9
"275",19,"us","201907",0.47352172580645,0.251165385919313,78.0595561035759,"United States","Jul-2019","101.1574",106.6259,3.7
"276",2,"at","201802",0.485877142857141,0.286560822898032,29.7282204020849,"Austria","Feb-2018","111.7907",101.1904,5.2
"277",2,"be","201802",0.48145048214286,0.416936229205176,33.0159344750558,"Belgium","Feb-2018","106.2911",100.9168,6.1
"278",2,"ca","201802",0.453065803571428,0.533880739795918,28.8335301062574,"Canada","Feb-2018","107.1259",109.6224,5.9
"279",2,"ch","201802",0.487228357142855,0.343669527896996,30.2355893536122,"Switzerland","Feb-2018","111.7",100.8,NA
"280",2,"cz","201802",NA,0.491138059701493,27.4498641304349,"Czech Republic","Feb-2018","110.9815",114.7904,2.3
"281",2,"de","201802",0.491142482142856,0.303814713896458,31.9236038719284,"Germany","Feb-2018","105.19119999999999",105.0088,3.5
"282",2,"dk","201802",0.497624857142853,0.436322975517891,31.1959731543623,"Denmark","Feb-2018","107.2",102.4573,5.2
"283",2,"es","201802",0.538236250000005,0.344486823855756,41.7852616064849,"Spain","Feb-2018","106.58410000000001",105.5,16.3
"284",2,"fi","201802",0.492277124999997,0.480134635691658,16.245305514158,"Finland","Feb-2018","111.3186",105.9177,8.3
"285",2,"fr","201802",0.493301928571421,0.450070323488045,34.5630289532294,"France","Feb-2018","103.39",108.6909,9.3
"286",2,"gr","201802",0.449181542247748,0.268518518518519,52.531630353118,"Greece","Feb-2018","107.974",103.1,20.6
"287",2,"hu","201802",0.502912064005757,0.567722222222222,31.9873239436619,"Hungary","Feb-2018","108.209",114.5759,3.6
"288",2,"ie","201802",0.470207482142855,0.242692907248636,38.3698507462686,"Ireland","Feb-2018","97.183800000000005",113.7,5.9
"289",2,"is","201802",0.474731010101011,0.303712480252765,33.8656738644823,"Israel","Feb-2018","103.79389999999999",116.7224,3.870055
"290",2,"it","201802",0.464779660714285,0.335424411400248,45.7307346326837,"Italy","Feb-2018","105.99120000000001",99.7,10.8
"291",2,"jp","201802",0.488601660714285,0.204482071713147,43.2484210526317,"Japan","Feb-2018","103.7914",100.9053,2.5
"292",2,"mx","201802",0.58473557142858,0.299789410348977,62.5031100478469,"Mexico","Feb-2018","110.33839999999999",105.9266,3.163737
"293",2,"nl","201802",0.540911964285718,0.247457924263675,34.0159463487332,"Netherlands","Feb-2018","104.5913",105.4088,5.1
"294",2,"no","201802",0.435097017857145,0.506796116504854,20.1787810383747,"Norway","Feb-2018","102.1722",102.627,3.9
"295",2,"pl","201802",0.488686071428572,0.576143067846608,26.6737704918032,"Poland","Feb-2018","114",117.5,4
"296",2,"pt","201802",0.492101982142854,0.275946704067321,51.4416228399699,"Portugal","Feb-2018","105.0791",111.2491,7.8
"297",2,"se","201802",0.472663535714281,0.571569595261599,23.6881559220389,"Sweden","Feb-2018","108.79089999999999",104,5.9
"298",2,"sk","201802",0.468760765124559,0.379398634453782,31.0574545454545,"Slovak Republic","Feb-2018","109.51819999999999",111.1722,7.1
"299",2,"tr","201802",0.497611589285714,NA,NA,"Turkey","Feb-2018","116.9902",112.7906,10
"300",2,"us","201802",0.451688928571432,0.464498750780762,40.1751879699248,"United States","Feb-2018","100.75369999999999",104.5917,4.1
"301",20,"at","201908",0.518704564516125,0.222488921713442,72.6761264290516,"Austria","Aug-2019","113.59050000000001",103.4879,5.1
"302",20,"be","201908",0.504275951612909,0.314814814814815,66.363416274378,"Belgium","Aug-2019","116.69029999999999",100.6168,5.2
"303",20,"ca","201908",0.494479112903226,0.325164868105516,70.5563025210084,"Canada","Aug-2019","108.6228",111.4155,5.8
"304",20,"ch","201908",0.4982229032258,0.217567155067155,66.5987654320988,"Switzerland","Aug-2019","118.5",102.2,NA
"305",20,"cz","201908",0.476818403225809,0.279471544715447,67.2974545454545,"Czech Republic","Aug-2019","113.0812",122.1898,2
"306",20,"de","201908",0.518313016129031,0.232071314102564,69.370275722932,"Germany","Aug-2019","102.2915",111.0093,3.1
"307",20,"dk","201908",0.518683322580653,0.474378453038674,65.9325301204819,"Denmark","Aug-2019","110.2",104.5564,4.9
"308",20,"es","201908",0.623370967741938,0.281905594405594,79.143658210948,"Spain","Aug-2019","106.10509999999999",108.5,14.1
"309",20,"fi","201908",0.525460612903227,0.29609872611465,61.3879032258065,"Finland","Aug-2019","113.819",109.5182,7
"310",20,"fr","201908",0.534282580645169,0.350026150627615,69.3781061114841,"France","Aug-2019","103.11",114.0905,8.2
"311",20,"gr","201908",0.477958822580647,0.212890625,82.4391304347826,"Greece","Aug-2019","109.1726",104.3,16.8
"312",20,"hu","201908",0.501982370967746,0.250412541254125,73.3716906946264,"Hungary","Aug-2019","115.4096",126.5629,3.3
"313",20,"ie","201908",0.49703883870968,0.22258008356546,59.8063129617193,"Ireland","Aug-2019","103.28279999999999",117.2,5
"314",20,"is","201908",0.499812713472485,0.278067612687813,50.5612903225807,"Israel","Aug-2019","109.2272",116.1371,3.623611
"315",20,"it","201908",0.524661758064526,0.254741379310345,77.7964817320702,"Italy","Aug-2019","105.69119999999999",100.5,9.4
"316",20,"jp","201908",0.572770967741929,0.195496083550914,83.5913262099305,"Japan","Aug-2019","100.49160000000001",103.4554,2.3
"317",20,"mx","201908",0.651503709677424,0.442521141649049,66.3674418604651,"Mexico","Aug-2019","..",109.7851,3.450426
"318",20,"nl","201908",0.545370854838707,0.215705128205128,65.9407806191117,"Netherlands","Aug-2019","101.89149999999999",109.2091,4.5
"319",20,"no","201908",0.465456080645157,0.350975433526012,60.0994594594594,"Norway","Aug-2019","94.724590000000006",103.6214,3.7
"320",20,"pl","201908",0.52030811290323,0.357428825622776,70.5270161290324,"Poland","Aug-2019","121",124.7,3.2
"321",20,"pt","201908",0.503631903225808,0.261640211640212,71.2504032258061,"Portugal","Aug-2019","103.5291",117.759,6.5
"322",20,"se","201908",0.497908451612899,0.462159863945578,61.1492537313431,"Sweden","Aug-2019","112.7906",109.8,7.3
"323",20,"sk","201908",0.476758497953374,0.241090425531915,73.1510763209393,"Slovak Republic","Aug-2019","109.9183",109.7726,5.7
"324",20,"tr","201908",0.484095161290324,0.386264867337603,76.7456258411842,"Turkey","Aug-2019","111.3907",109.3909,14
"325",20,"us","201908",0.474802387096772,0.274130057155665,74.5959858323495,"United States","Aug-2019","101.7833",107.0935,3.7
"326",21,"at","201909",0.504215933333321,0.239319620253165,62.248780487805,"Austria","Sep-2019","114.79040000000001",103.7876,4.6
"327",21,"be","201909",0.496403116666663,0.369501239157373,59.2469359331474,"Belgium","Sep-2019","115.3904",102.4171,5.2
"328",21,"ca","201909",0.490120016666665,0.367509079903148,64.5176755447942,"Canada","Sep-2019","108.3231",110.779,5.6
"329",21,"ch","201909",0.498188049999992,0.229627921279213,59.2547652916072,"Switzerland","Sep-2019","121.5",103,NA
"330",21,"cz","201909",0.458059466666665,0.331168831168831,57.6528883183567,"Czech Republic","Sep-2019","113.0812",123.1897,2.1
"331",21,"de","201909",0.505109866666656,0.250262237762238,59.9175732217574,"Germany","Sep-2019","101.0916",112.2094,3.1
"332",21,"dk","201909",0.508060750000004,0.534326424870466,57.8532963219982,"Denmark","Sep-2019","112.1",105.556,5.2
"333",21,"es","201909",0.623446900000005,0.285934744268078,69.6394190871369,"Spain","Sep-2019","105.5431",108.6,14
"334",21,"fi","201909",0.512907383333329,0.336035818005808,51.6341939986043,"Finland","Sep-2019","114.119",110.9185,6.7
"335",21,"fr","201909",0.530629566666676,0.419951201201201,62.1747735191637,"France","Sep-2019","103.92",113.0906,8.1
"336",21,"gr","201909",0.469661950000003,0.225464876033058,74.3767832167832,"Greece","Sep-2019","109.4723",106.1,16.9
"337",21,"hu","201909",0.501116683333332,0.397233893557423,62.2461016949154,"Hungary","Sep-2019","118.8099",127.362,3.3
"338",21,"ie","201909",0.488247933333332,0.253171350507416,55.8249303621171,"Ireland","Sep-2019","110.8815",119.3,4.9
"339",21,"is","201909",0.494541313340222,0.392791222313372,48.5008426966295,"Israel","Sep-2019","107.7283",121.6555,3.560542
"340",21,"it","201909",0.504369633333337,0.275045955882353,72.0714285714285,"Italy","Sep-2019","104.79130000000001",100.9,9.8
"341",21,"jp","201909",0.577712383333321,0.195861204013378,77.7586970684039,"Japan","Sep-2019","102.4915",110.9115,2.4
"342",21,"mx","201909",0.645748616666674,0.499647688838782,65.0696730552424,"Mexico","Sep-2019","..",109.6981,3.49197
"343",21,"nl","201909",0.536849200000002,0.218049568965517,59.4214634146343,"Netherlands","Sep-2019","103.09139999999999",110.3092,4.5
"344",21,"no","201909",0.440151199999995,0.470490314769976,50.557746478873,"Norway","Sep-2019","93.91001",103.7209,3.9
"345",21,"pl","201909",0.509592200000005,0.481950844854071,58.5111420612811,"Poland","Sep-2019","122",125,3.2
"346",21,"pt","201909",0.490176716666661,0.238882660687593,71.1634843205576,"Portugal","Sep-2019","100.8492",114.999,6.6
"347",21,"se","201909",0.488019766666654,0.513452914798206,52.1788811188812,"Sweden","Sep-2019","112.7906",110,6.8
"348",21,"sk","201909",0.468045233707488,0.275704592901879,62.4615384615383,"Slovak Republic","Sep-2019","112.1187",109.3727,5.8
"349",21,"tr","201909",0.471397516666673,0.387643129770992,71.364181184669,"Turkey","Sep-2019","115.49039999999999",109.7908,14
"350",21,"us","201909",0.474202649999997,0.248411754467394,69.3213422818792,"United States","Sep-2019","101.4127",106.0643,3.5
"351",22,"at","201910",0.504771661290308,0.283207656612529,53.3205645161291,"Austria","Oct-2019","114.3905",103.7876,4.9
"352",22,"be","201910",0.48857041935484,0.359375,53.6568548387096,"Belgium","Oct-2019","111.8907",100.8168,5.3
"353",22,"ca","201910",0.486812387096776,0.426655251141553,52.0283125707814,"Canada","Oct-2019","109.0966",109.2026,5.7
"354",22,"ch","201910",0.499114516129027,0.239248704663212,52.7426218256695,"Switzerland","Oct-2019","120",101.9,NA
"355",22,"cz","201910",0.457034806451614,0.366345137420719,49.4991482112435,"Czech Republic","Oct-2019","112.7812",122.3898,2.2
"356",22,"de","201910",0.503769677419341,0.261077425373134,53.3423387096773,"Germany","Oct-2019","99.691699999999997",111.0093,3.2
"357",22,"dk","201910",0.505043048387102,0.578763552960801,50.7332441471573,"Denmark","Oct-2019","109.6",103.257,5.2
"358",22,"es","201910",0.625575338709686,0.372916666666667,60.4503683858004,"Spain","Oct-2019","105.2011",108.1,13.9
"359",22,"fi","201910",0.508867725806445,0.442069575471698,40.9697173620459,"Finland","Oct-2019","112.7188",110.4184,6.9
"360",22,"fr","201910",0.521797483870976,0.449647716229349,55.5749329758711,"France","Oct-2019","103.58",113.0906,8.2
"361",22,"gr","201910",0.475357467741932,0.23686030428769,67.6267845003399,"Greece","Oct-2019","107.175",102.9,17
"362",22,"hu","201910",0.494668145161287,0.38671875,54.0412223667098,"Hungary","Oct-2019","117.5098",127.7616,3.5
"363",22,"ie","201910",0.482506709677419,0.231016560958421,48.7540322580644,"Ireland","Oct-2019","127.47880000000001",119.4,4.7
"364",22,"is","201910",0.499579118720173,0.404549147034931,42.0955465587045,"Israel","Oct-2019","111.47539999999999",125.5017,3.565275
"365",22,"it","201910",0.488949338709673,0.289538310412574,64.9390309555854,"Italy","Oct-2019","103.9913",100.8,9.5
"366",22,"jp","201910",0.5778924032258,0.206282760629004,68.3471871412172,"Japan","Oct-2019","98.291809999999998",95.41708,2.4
"367",22,"mx","201910",0.640451129032269,0.507959290187891,64.5578288100209,"Mexico","Oct-2019","..",108.6352,3.572812
"368",22,"nl","201910",0.534515806451612,0.232624481327801,53.0133064516129,"Netherlands","Oct-2019","102.8914",110.5092,4.5
"369",22,"no","201910",0.427127419354831,0.48007528556594,39.4686382393397,"Norway","Oct-2019","97.401079999999993",102.8259,3.8
"370",22,"pl","201910",0.505745193548387,0.471492946708464,52.1653225806451,"Poland","Oct-2019","123",127.1,3.1
"371",22,"pt","201910",0.473686564516125,0.267375,64.3141129032257,"Portugal","Oct-2019","104.26909999999999",117.959,6.6
"372",22,"se","201910",0.488971354838699,0.590995440729483,42.2125168236879,"Sweden","Oct-2019","111.2907",110.1,7
"373",22,"sk","201910",0.455774399096625,0.35651289009498,53.4274131274131,"Slovak Republic","Oct-2019","112.7188",111.0722,5.7
"374",22,"tr","201910",0.454227645161295,0.457231570512821,64.4592741935482,"Turkey","Oct-2019","114.09050000000001",109.9908,13.5
"375",22,"us","201910",0.475114435483866,0.4552122514777,59.9104693140794,"United States","Oct-2019","100.57040000000001",106.388,3.6
"376",23,"at","201911",0.508976316666659,0.241429207479964,46.2137500000001,"Austria","Nov-2019","113.4905",104.6866,4.2
"377",23,"be","201911",0.486352483333334,0.401544943820225,43.8219596942322,"Belgium","Nov-2019","115.29040000000001",101.917,5.4
"378",23,"ca","201911",0.489493333333333,0.518008474576271,34.143352601156,"Canada","Nov-2019","108.1666",110.1424,6
"379",23,"ch","201911",0.502775699999995,0.313544415127529,41.8252661462029,"Switzerland","Nov-2019","117.7",102.7,NA
"380",23,"cz","201911",0.454994966666664,0.516324981017464,41.4389719067542,"Czech Republic","Nov-2019","110.58159999999999",122.9898,2.1
"381",23,"de","201911",0.511877383333325,0.289521276595745,43.0212500000001,"Germany","Nov-2019","100.0917",112.0093,3.2
"382",23,"dk","201911",0.513500833333335,0.631207028265852,44.4843123704213,"Denmark","Nov-2019","104.5",104.4565,5.1
"383",23,"es","201911",0.620082000000006,0.339954780361757,50.300616016427,"Spain","Nov-2019","106.1771",109.7,13.9
"384",23,"fi","201911",0.510214033333329,0.651419726729291,35.06212647672,"Finland","Nov-2019","112.2187",109.1182,6.9
"385",23,"fr","201911",0.510716050000004,0.467436974789916,46.1478260869567,"France","Nov-2019","103.27",113.4905,8.2
"386",23,"gr","201911",0.468169616666665,0.226961157654227,62.4098591549294,"Greece","Nov-2019","101.4816",103.8,16.6
"387",23,"hu","201911",0.495150883333328,0.535278745644599,47.9133836650653,"Hungary","Nov-2019","115.80970000000001",128.1612,3.4
"388",23,"ie","201911",0.49302628333333,0.243528492008339,43.4579569145239,"Ireland","Nov-2019","105.4824",118.3,4.8
"389",23,"is","201911",0.520854470069967,0.374343361986628,36.9987500000001,"Israel","Nov-2019","110.44499999999999",126.2542,3.997303
"390",23,"it","201911",0.48883404999999,0.312268518518519,58.7856545961002,"Italy","Nov-2019","104.1913",100.2,9.8
"391",23,"jp","201911",0.580247916666661,0.209405940594059,57.8030283911673,"Japan","Nov-2019","97.691860000000005",98.55015,2.3
"392",23,"mx","201911",0.649180833333343,0.342375578703704,63.0867663981587,"Mexico","Nov-2019","..",109.2294,3.507254
"393",23,"nl","201911",0.525976586206894,0.269479755178908,43.9962500000001,"Netherlands","Nov-2019","101.6915",110.7092,4.5
"394",23,"no","201911",0.440868683333328,0.486892439243924,30.2188679245283,"Norway","Nov-2019","99.844840000000005",103.9198,4
"395",23,"pl","201911",0.507326433333329,0.6905276816609,43.5342599027105,"Poland","Nov-2019","123.8",130.2,3
"396",23,"pt","201911",0.481855866666662,0.277726261127596,58.2387500000004,"Portugal","Nov-2019","103.12909999999999",119.749,6.8
"397",23,"se","201911",0.497209983333322,0.768624314442413,36.3508356545961,"Sweden","Nov-2019","112.6906",108.4,7.7
"398",23,"sk","201911",0.450244799999994,0.366253051261188,46.6344129554656,"Slovak Republic","Nov-2019","110.91849999999999",112.172,5.7
"399",23,"tr","201911",0.445314983333338,0.441154534606205,60.7374999999999,"Turkey","Nov-2019","114.59050000000001",112.4906,13.2
"400",23,"us","201911",0.481618016666663,0.295537716916539,44.1780132450331,"United States","Nov-2019","101.0889",106.695,3.6
"401",24,"at","201912",0.526709677419351,0.261858974358974,37.8090340514247,"Austria","Dec-2019","115.0904",104.0872,4.7
"402",24,"be","201912",0.506863661290323,0.411519320843091,42.9662499999999,"Belgium","Dec-2019","118.3901",102.117,5.4
"403",24,"ca","201912",0.504282919354837,0.560647092360319,30.4604255319148,"Canada","Dec-2019","107.31910000000001",111.8819,5.8
"404",24,"ch","201912",0.521260129032258,0.304475164011246,38.0093683463449,"Switzerland","Dec-2019","114.4",102.6,NA
"405",24,"cz","201912",0.475969919354839,0.488087871287129,36.0401836969001,"Czech Republic","Dec-2019","110.38160000000001",124.4896,2
"406",24,"de","201912",0.525081741935482,0.290070320077595,40.3850000000001,"Germany","Dec-2019","97.691860000000005",111.1093,3.3
"407",24,"dk","201912",0.51464148387097,0.657766507557677,41.0237170596395,"Denmark","Dec-2019","111.3",105.556,4.9
"408",24,"es","201912",0.618127935483872,0.39122191011236,46.226549865229,"Spain","Dec-2019","104.9991",107.2,13.9
"409",24,"fi","201912",0.490596193548385,0.574346723868955,34.5330090340514,"Finland","Dec-2019","111.6186",110.6184,6.5
"410",24,"fr","201912",0.520562354838714,0.497833843017329,44.302900552486,"France","Dec-2019","101.2",113.2906,8.2
"411",24,"gr","201912",0.493935870967734,0.239954545454545,52.9928320449755,"Greece","Dec-2019","105.7766",103.7,16.3
"412",24,"hu","201912",0.514823758064513,0.588512569832402,37.7877692842252,"Hungary","Dec-2019","112.5094",128.6606,2.9
"413",24,"ie","201912",0.512404548387093,0.23389175257732,43.1370319001388,"Ireland","Dec-2019","87.885350000000003",119.2,4.8
"414",24,"is","201912",0.529088972065001,0.375345303867403,33.3900000000001,"Israel","Dec-2019","109.9766",127.0903,3.650354
"415",24,"it","201912",0.500304661290319,0.318227491961415,52.0231197771589,"Italy","Dec-2019","101.5915",100.4,9.7
"416",24,"jp","201912",0.574408838709668,0.202472144846797,50.0483934426229,"Japan","Dec-2019","97.791849999999997",98.84345,2.2
"417",24,"mx","201912",0.647636838709681,0.197680995475113,59.6821266968326,"Mexico","Dec-2019","..",108.9543,3.196149
"418",24,"nl","201912",0.529303758064512,0.270491803278689,43.0814454482279,"Netherlands","Dec-2019","100.1917",111.7093,4.3
"419",24,"no","201912",0.454489580645155,0.589519140989729,28.6959943780744,"Norway","Dec-2019","100.8922",102.0303,3.9
"420",24,"pl","201912",0.536934564516122,0.607205882352941,37.9178596247395,"Poland","Dec-2019","120.7",127.6,3
"421",24,"pt","201912",0.493662854838701,0.300631935881628,55.4087500000001,"Portugal","Dec-2019","106.4391",118.009,6.9
"422",24,"se","201912",0.482710274193543,0.714796157450797,34.5825000000001,"Sweden","Dec-2019","110.8908",110.9,6.9
"423",24,"sk","201912",0.479249580645156,0.41825117370892,38.1094188376753,"Slovak Republic","Dec-2019","109.9183",113.0717,5.8
"424",24,"tr","201912",0.446667645161295,0.437295751633987,49.8399999999999,"Turkey","Dec-2019","117.1902",117.5902,13.4
"425",24,"us","201912",0.485162499999999,0.416616275051831,38.7308805790107,"United States","Dec-2019","100.72239999999999",106.5912,3.6
"426",3,"at","201803",0.492535661290316,0.289098972922502,37.6832548755885,"Austria","Mar-2018","110.0908",103.4879,5.2
"427",3,"be","201803",0.488537112903225,0.442001565762004,41.4333557498318,"Belgium","Mar-2018","109.99079999999999",100.9168,6.2
"428",3,"ca","201803",0.460908467741938,0.412772362385321,32.1990970654628,"Canada","Mar-2018","108.3694",110.0934,5.9
"429",3,"ch","201803",0.48971466129032,0.286184210526316,39.1616758241758,"Switzerland","Mar-2018","110.9",101.7,NA
"430",3,"cz","201803",NA,0.53672406462585,34.4946992257298,"Czech Republic","Mar-2018","112.3813",114.2905,2.2
"431",3,"de","201803",0.486454435483869,0.282689539347409,40.6285906945382,"Germany","Mar-2018","106.4911",106.3089,3.5
"432",3,"dk","201803",0.502049209677417,0.52047589869281,32.8398379473329,"Denmark","Mar-2018","106.3",102.9571,5.1
"433",3,"es","201803",0.539900016129034,0.329515706806283,47.9353642384106,"Spain","Mar-2018","107.5301",105.8,16
"434",3,"fi","201803",0.499619403225802,0.518314717477004,23.0849629130141,"Finland","Mar-2018","113.2189",106.5178,8.2
"435",3,"fr","201803",0.510760161290316,0.492765654648956,44.3339130434784,"France","Mar-2018","104.21",110.4908,9.3
"436",3,"gr","201803",0.446858442530892,0.235662090345438,57.8121703853955,"Greece","Mar-2018","108.5733",100.5,20.3
"437",3,"hu","201803",0.499017947470817,0.531722054380665,38.2538461538461,"Hungary","Mar-2018","107.60899999999999",116.5737,3.6
"438",3,"ie","201803",0.476455596774192,0.276854108635098,40.1339622641509,"Ireland","Mar-2018","79.986670000000004",112.7,5.8
"439",3,"is","201803",0.479503526448363,0.260634505703422,35.5927076299795,"Israel","Mar-2018","104.1686",119.8161,3.761395
"440",3,"it","201803",0.466696064516128,0.348764612114771,52.1811193526636,"Italy","Mar-2018","107.59099999999999",99.7,10.9
"441",3,"jp","201803",0.499485338709678,0.198269375470278,53.8267546490704,"Japan","Mar-2018","104.8913",101.106,2.5
"442",3,"mx","201803",0.594528258064515,0.21468253968254,66.5847619047619,"Mexico","Mar-2018","..",106.9272,3.18201
"443",3,"nl","201803",0.533768967741936,0.323735265225933,40.4933333333334,"Netherlands","Mar-2018","105.19119999999999",106.4089,5
"444",3,"no","201803",0.444957306451619,0.514401355421687,23.3948228882834,"Norway","Mar-2018","101.9395",102.5276,3.9
"445",3,"pl","201803",0.482647725806452,0.565279649595687,33.9977088948788,"Poland","Mar-2018","113",116.5,3.9
"446",3,"pt","201803",0.492193467741935,0.275957290132548,53.7832771409305,"Portugal","Mar-2018","109.8991",112.7691,7.6
"447",3,"se","201803",0.483895177419346,0.673328488372093,26.3511800404586,"Sweden","Mar-2018","110.3908",106.6,6.3
"448",3,"sk","201803",0.457688634600471,0.42333587398374,38.2578217821783,"Slovak Republic","Mar-2018","110.3184",112.072,6.9
"449",3,"tr","201803",0.492197709677417,NA,NA,"Turkey","Mar-2018","117.0902",112.7906,10
"450",3,"us","201803",0.457355709677425,0.413124660510592,38.6591787439614,"United States","Mar-2018","101.3965",104.3217,4
"451",4,"at","201804",0.473758816666666,0.226363109048724,59.6441973592772,"Austria","Apr-2018","111.7907",102.7886,5.2
"452",4,"be","201804",0.496988566666664,0.41966995447648,54.9021542738014,"Belgium","Apr-2018","110.0908",99.71662,6.5
"453",4,"ca","201804",0.457053633333339,0.47180296377607,37.8606911447084,"Canada","Apr-2018","108.61960000000001",109.592,5.9
"454",4,"ch","201804",0.485156249999994,0.234434410646388,55.4523775727467,"Switzerland","Apr-2018","110.9",101.5,NA
"455",4,"cz","201804",NA,0.368036211699164,55.792199058507,"Czech Republic","Apr-2018","110.1816",115.6904,2.3
"456",4,"de","201804",0.472376466666663,0.226332720588235,57.71,"Germany","Apr-2018","105.8912",109.2091,3.4
"457",4,"dk","201804",0.501030549999995,0.413959510357815,47.9819718309857,"Denmark","Apr-2018","107.8",103.5569,5.3
"458",4,"es","201804",0.546877016666668,0.319545454545455,55.3147632311978,"Spain","Apr-2018","105.3231",105.8,15.7
"459",4,"fi","201804",0.513242833333332,0.488921957671958,40.7986101459347,"Finland","Apr-2018","108.018",105.2175,7.6
"460",4,"fr","201804",0.517536516666663,0.406447784810127,56.7637119113574,"France","Apr-2018","103.2",108.491,9.2
"461",4,"gr","201804",0.447509654435345,0.202929338103757,62.7645498953245,"Greece","Apr-2018","106.3759",103,19.8
"462",4,"hu","201804",0.50042278928752,0.359424920127796,60.7624495289368,"Hungary","Apr-2018","108.70910000000001",115.4749,3.7
"463",4,"ie","201804",0.481473866666668,0.270576504713561,46.8577962577961,"Ireland","Apr-2018","92.784540000000007",115.8,5.9
"464",4,"is","201804",0.481536423642365,0.304817905918058,39.9560500695409,"Israel","Apr-2018","104.0749",116.7224,3.957052
"465",4,"it","201804",0.471379416666669,0.306741573033708,60.9675297410776,"Italy","Apr-2018","105.8912",98.7,11
"466",4,"jp","201804",0.514616700000004,0.195687772925764,63.2756822316555,"Japan","Apr-2018","104.29130000000001",101.8009,2.5
"467",4,"mx","201804",0.589716249999999,0.339059196617336,66.6985200845667,"Mexico","Apr-2018","..",106.3767,3.430507
"468",4,"nl","201804",0.533417349999996,0.244542974079127,53.5124391938847,"Netherlands","Apr-2018","103.1914",108.509,4.9
"469",4,"no","201804",0.449201733333335,0.449537937743191,39.6734177215191,"Norway","Apr-2018","100.65940000000001",103.0248,3.8
"470",4,"pl","201804",0.493108100000003,0.47930602006689,56.8660180681029,"Poland","Apr-2018","115",119.3,3.8
"471",4,"pt","201804",0.486191416666665,0.255129348795718,56.9350000000001,"Portugal","Apr-2018","106.7591",110.0591,7.3
"472",4,"se","201804",0.491705249999997,0.621628630705394,42.753685674548,"Sweden","Apr-2018","105.7912",108.1,6.6
"473",4,"sk","201804",0.459703975860846,0.294667119565217,59.685254691689,"Slovak Republic","Apr-2018","109.51819999999999",110.2724,6.8
"474",4,"tr","201804",0.486819700000004,NA,NA,"Turkey","Apr-2018","118.4901",114.5905,10.2
"475",4,"us","201804",0.450444616666672,0.429779622209502,46.8832305795314,"United States","Apr-2018","102.4982",104.6574,4
"476",5,"at","201805",0.472137177419354,0.219184576485461,64.7991935483872,"Austria","May-2018","114.8904",102.9884,4.7
"477",5,"be","201805",0.501524741935478,0.343947784810127,60.9821862348177,"Belgium","May-2018","110.3908",100.1167,6.5
"478",5,"ca","201805",0.445247887096777,0.427409988385598,62.3653979238754,"Canada","May-2018","108.3788",112.3739,6
"479",5,"ch","201805",0.483529322580642,0.271071428571429,60.5973919011668,"Switzerland","May-2018","112.5",101.2,NA
"480",5,"cz","201805",NA,0.339642857142857,61.9739130434783,"Czech Republic","May-2018","113.98099999999999",116.7903,2.2
"481",5,"de","201805",0.482904306451613,0.248009554140127,64.8415322580644,"Germany","May-2018","107.991",107.1089,3.4
"482",5,"dk","201805",0.508730693548385,0.375992063492063,59.7958023019635,"Denmark","May-2018","105",104.3565,5.2
"483",5,"es","201805",0.568488806451622,0.27450495049505,61.9694039735098,"Spain","May-2018","105.7171",104.9,15.4
"484",5,"fi","201805",0.53663174193548,0.416666666666667,58.1653225806452,"Finland","May-2018","112.1187",107.918,7.3
"485",5,"fr","201805",0.518292129032262,0.359421921921922,61.0256032171583,"France","May-2018","102.14",109.9908,9.2
"486",5,"gr","201805",0.458694432677762,0.220359572400389,70.8426163182737,"Greece","May-2018","108.5733",103.4,19.3
"487",5,"hu","201805",0.493464693548384,0.2918410041841,66.9218750000001,"Hungary","May-2018","110.8092",118.0721,3.4
"488",5,"ie","201805",0.482380451612907,0.215194610778443,53.6205507051712,"Ireland","May-2018","101.783",117.3,5.9
"489",5,"is","201805",0.483204643962848,0.286159494535519,41.7301544660846,"Israel","May-2018","104.35599999999999",119.3144,4.001413
"490",5,"it","201805",0.472743741935494,0.291973039215686,65.8114754098361,"Italy","May-2018","106.7911",100.2,10.6
"491",5,"jp","201805",0.514296419354842,0.194268110530246,67.96457960644,"Japan","May-2018","104.5913",101.0069,2.2
"492",5,"mx","201805",0.597992161290321,0.341473072861668,67.8612460401268,"Mexico","May-2018","..",106.6782,3.263621
"493",5,"nl","201805",0.539502193548389,0.280854430379747,61.5825033647375,"Netherlands","May-2018","103.3914",108.209,4.9
"494",5,"no","201805",0.466673435483878,0.399400684931507,59.4414634146343,"Norway","May-2018","99.146619999999999",105.4115,3.9
"495",5,"pl","201805",0.497884903225811,0.416918429003021,65.7983870967743,"Poland","May-2018","116.7",119.4,3.8
"496",5,"pt","201805",0.487437290322579,0.257000448028674,61.6388702084733,"Portugal","May-2018","105.2891",114.699,7.2
"497",5,"se","201805",0.500290112903227,0.56298828125,58.8242424242425,"Sweden","May-2018","109.99079999999999",108.3,6.1
"498",5,"sk","201805",0.453740675720438,0.251521535580524,65.8792899408284,"Slovak Republic","May-2018","113.41889999999999",112.072,6.7
"499",5,"tr","201805",0.487611483870972,NA,NA,"Turkey","May-2018","116.7903",113.4905,10.6
"500",5,"us","201805",0.443891193548392,0.445743220528911,62.3492990654205,"United States","May-2018","101.63720000000001",105.4444,3.8
"501",6,"at","201806",0.483253933333333,0.220911488862837,69.0424999999999,"Austria","Jun-2018","113.09059999999999",102.0894,5.1
"502",6,"be","201806",0.484395233333334,0.438327316486161,63.7207783182766,"Belgium","Jun-2018","105.99120000000001",99.71662,6.3
"503",6,"ca","201806",0.448724316666667,0.404761904761905,67.4109890109889,"Canada","Jun-2018","109.2333",111.7747,6.1
"504",6,"ch","201806",0.486879383333332,0.234243697478992,66.1158640226629,"Switzerland","Jun-2018","112.2",102.3,NA
"505",6,"cz","201806",NA,0.381329113924051,64.2828334396939,"Czech Republic","Jun-2018","116.28060000000001",115.3904,2.3
"506",6,"de","201806",0.489792266666666,0.24828431372549,69.0312500000001,"Germany","Jun-2018","107.991",108.109,3.4
"507",6,"dk","201806",0.500931633333328,0.376704545454545,64.6913805185706,"Denmark","Jun-2018","106.7",103.157,5.1
"508",6,"es","201806",0.569152016666673,0.293349582172702,71.965450791466,"Spain","Jun-2018","104.6091",105.7,15.1
"509",6,"fi","201806",0.559100233333329,0.311669829222011,59.8862500000001,"Finland","Jun-2018","111.4186",104.5174,7
"510",6,"fr","201806",0.511785583333342,0.415218078381795,66.04,"France","Jun-2018","103.95",110.0908,9.1
"511",6,"gr","201806",0.460643622814561,0.234064785788924,76.8790762771168,"Greece","Jun-2018","108.7731",101.8,19.1
"512",6,"hu","201806",0.491987266666666,0.291452205882353,69.6538011695905,"Hungary","Jun-2018","109.9092",117.8723,3.4
"513",6,"ie","201806",0.482433883333332,0.231436837029894,59.2478442280947,"Ireland","Jun-2018","98.083659999999995",118.7,5.8
"514",6,"is","201806",0.472134501642937,0.379209370424597,46.5826268241834,"Israel","Jun-2018","103.0445",116.7224,3.950737
"515",6,"it","201806",0.489784583333349,0.265918580375783,72.6711578947369,"Italy","Jun-2018","107.0911",99.3,10.8
"516",6,"jp","201806",0.515654766666671,0.192496876951905,72.8692165330047,"Japan","Jun-2018","103.59139999999999",101.9992,2.4
"517",6,"mx","201806",0.603323549999998,0.455940315315315,65.7743243243244,"Mexico","Jun-2018","..",107.3862,3.327734
"518",6,"nl","201806",0.545811200000004,0.29101752677702,62.9852675469076,"Netherlands","Jun-2018","103.2914",107.809,4.9
"519",6,"no","201806",0.472151383333337,0.329508196721311,61.9551675977655,"Norway","Jun-2018","104.15049999999999",102.4281,3.8
"520",6,"pl","201806",0.48752176666667,0.359815618221258,68.0675000000002,"Poland","Jun-2018","117.8",118.8,3.8
"521",6,"pt","201806",0.487086949999996,0.268895348837209,66.5339819318971,"Portugal","Jun-2018","106.31910000000001",113.759,7.1
"522",6,"se","201806",0.511675229204871,0.528780068728522,60.3898257839722,"Sweden","Jun-2018","110.49079999999999",105.4,6.6
"523",6,"sk","201806",0.455365556676757,0.252596153846154,69.9952830188679,"Slovak Republic","Jun-2018","112.8188",110.3724,6.6
"524",6,"tr","201806",0.475874250000004,NA,NA,"Turkey","Jun-2018","113.4905",112.2906,10.7
"525",6,"us","201806",0.439895916666667,0.329833199356913,69.0907730673317,"United States","Jun-2018","102.3942",104.87,4
"526",7,"at","201807",0.486918758064513,0.207764116575592,71.7524193548386,"Austria","Jul-2018","112.89060000000001",101.1904,5.3
"527",7,"be","201807",0.47896301612903,0.303691275167785,70.369758064516,"Belgium","Jul-2018","109.0909",100.9168,5.9
"528",7,"ca","201807",0.435407564516125,0.29047256097561,74.4567600487212,"Canada","Jul-2018","110.2058",111.1404,5.8
"529",7,"ch","201807",0.49280674193548,0.206597222222222,70.5880412371135,"Switzerland","Jul-2018","110.7",101.2,NA
"530",7,"cz","201807",NA,0.278601694915254,69.7323308270677,"Czech Republic","Jul-2018","115.7807",116.5903,2.3
"531",7,"de","201807",0.487882548387095,0.227233178654292,73.8427419354839,"Germany","Jul-2018","105.49120000000001",108.009,3.4
"532",7,"dk","201807",0.502711693548383,0.419203367875648,70.0245423728813,"Denmark","Jul-2018","107.8",102.6572,5.1
"533",7,"es","201807",0.572042758064511,0.249821937321937,79.2587760591795,"Spain","Jul-2018","104.6391",104.8,14.9
"534",7,"fi","201807",0.566772564516129,0.320060483870968,69.4576612903226,"Finland","Jul-2018","109.81829999999999",106.5178,7.3
"535",7,"fr","201807",0.52323491935484,0.30828125,73.6812877263582,"France","Jul-2018","103.67",109.9908,8.9
"536",7,"gr","201807",0.467275233132199,0.271214896214896,81.122816519973,"Greece","Jul-2018","109.4723",104.5,19
"537",7,"hu","201807",0.491706693548378,0.26129363449692,72.0237331622832,"Hungary","Jul-2018","107.0089",118.0721,3.8
"538",7,"ie","201807",0.466810225806443,0.23727696674777,61.9047106325704,"Ireland","Jul-2018","89.185130000000001",119.3,5.7
"539",7,"is","201807",0.473791135024345,0.332200587803086,49.7070611970411,"Israel","Jul-2018","104.8244",118.8127,4.189781
"540",7,"it","201807",0.502159822580651,0.265835201793722,78.102868852459,"Italy","Jul-2018","105.8912",99.5,10.4
"541",7,"jp","201807",0.520682919354839,0.188006546134663,82.7661764705884,"Japan","Jul-2018","103.7914",101.9972,2.5
"542",7,"mx","201807",0.590991048387096,0.462071428571429,65.4347428571429,"Mexico","Jul-2018","..",107.4918,3.267064
"543",7,"nl","201807",0.549431532258064,0.222808441558442,69.1697580645161,"Netherlands","Jul-2018","101.7915",108.509,4.9
"544",7,"no","201807",0.483750241935483,0.32525,70.1395537525356,"Norway","Jul-2018","101.9395",102.627,4
"545",7,"pl","201807",0.492734322580647,0.387984496124031,71.286693548387,"Poland","Jul-2018","117.7",119.2,3.9
"546",7,"pt","201807",0.488304145161283,0.307608315863033,68.7294354838705,"Portugal","Jul-2018","107.7991",113.0791,7
"547",7,"se","201807",0.505620500000003,0.465425531914894,70.0802979011511,"Sweden","Jul-2018","105.69119999999999",105.7,6.6
"548",7,"sk","201807",0.465828436706569,0.228382352941176,72.6237133550488,"Slovak Republic","Jul-2018","111.4186",111.972,6.4
"549",7,"tr","201807",0.466102758064516,NA,NA,"Turkey","Jul-2018","116.19029999999999",112.4906,10.8
"550",7,"us","201807",0.420378354838706,0.200163031257027,75.8396551724138,"United States","Jul-2018","102.6349",105.3852,3.8
"551",8,"at","201808",0.478324612903222,0.209037162162162,73.8321452589105,"Austria","Aug-2018","112.9906",103.1882,5.5
"552",8,"be","201808",0.47785830645161,0.391984605087015,66.2291105121295,"Belgium","Aug-2018","111.7907",100.6168,5.6
"553",8,"ca","201808",0.43270324999999,0.362485448195576,73.7010452961673,"Canada","Aug-2018","110.4136",111.2337,6
"554",8,"ch","201808",0.494374145161284,0.224190848214286,70.2743994509266,"Switzerland","Aug-2018","111.2",101.9,NA
"555",8,"cz","201808",NA,0.277286585365854,71.2708829054474,"Czech Republic","Aug-2018","113.4811",116.4903,2.3
"556",8,"de","201808",0.482932693548385,0.244780793319415,71.596370967742,"Germany","Aug-2018","106.4911",107.3089,3.4
"557",8,"dk","201808",0.489638725806448,0.299396442185515,66.6348178137653,"Denmark","Aug-2018","106.4",104.1566,4.9
"558",8,"es","201808",0.569589580645158,0.219468390804598,81.6969127516778,"Spain","Aug-2018","105.4541",105.3,14.8
"559",8,"fi","201808",0.526161209677415,0.296127204030227,64.3044354838711,"Finland","Aug-2018","110.2184",106.0177,7.4
"560",8,"fr","201808",0.514859161290315,0.362354892205638,69.7540939597314,"France","Aug-2018","104.11",110.0908,8.9
"561",8,"gr","201808",0.44967473516949,0.209332191780822,81.2223728813559,"Greece","Aug-2018","109.3724",102.5,19.1
"562",8,"hu","201808",0.491726241935473,0.268768768768769,74.1410374261329,"Hungary","Aug-2018","111.80929999999999",119.2708,3.6
"563",8,"ie","201808",0.48057691935483,0.24370287868403,59.9507382550337,"Ireland","Aug-2018","100.6832",115.4,5.7
"564",8,"is","201808",0.483385020437611,0.312738914373089,49.8350404312667,"Israel","Aug-2018","108.19670000000001",118.2274,3.928799
"565",8,"it","201808",0.503690419354846,0.251886317907445,77.6793150684932,"Italy","Aug-2018","107.19110000000001",99.9,10.1
"566",8,"jp","201808",0.519534129032256,0.192518248175182,82.9372972972973,"Japan","Aug-2018","103.59139999999999",102.0839,2.5
"567",8,"mx","201808",0.604183919354835,0.509937238493724,63.7115987460815,"Mexico","Aug-2018","..",107.1047,3.201124
"568",8,"nl","201808",0.535068241935485,0.240682048681542,65.7158036314726,"Netherlands","Aug-2018","102.6914",107.709,4.9
"569",8,"no","201808",0.458266854838709,0.356745479833102,58.7348648648651,"Norway","Aug-2018","104.15049999999999",103.1242,4
"570",8,"pl","201808",0.481362612903227,0.323621553884712,70.0431451612902,"Poland","Aug-2018","119.5",119.1,3.9
"571",8,"pt","201808",0.476174741935477,0.297387295081967,75.5302419354836,"Portugal","Aug-2018","109.3391",114.429,7.1
"572",8,"se","201808",0.493580838709677,0.433341254752852,64.1622406639002,"Sweden","Aug-2018","108.39100000000001",107.2,6.5
"573",8,"sk","201808",0.448946353790616,0.214340490797546,74.348361730013,"Slovak Republic","Aug-2018","116.4194",112.9718,6.3
"574",8,"tr","201808",0.454273661290326,NA,NA,"Turkey","Aug-2018","115.8903",112.8906,11.2
"575",8,"us","201808",0.422916709677413,0.262068965517241,77.0860072376357,"United States","Aug-2018","103.248",104.8667,3.8
"576",9,"at","201809",0.475885716666664,0.234638047138047,63.1316191799863,"Austria","Sep-2018","114.1905",101.5899,5.4
"577",9,"be","201809",0.470583416666665,0.341701680672269,59.3544885177453,"Belgium","Sep-2018","106.7911",100.5168,5.6
"578",9,"ca","201809",0.437507749999998,0.391939975247525,66.0345588235296,"Canada","Sep-2018","110.18600000000001",111.7164,5.9
"579",9,"ch","201809",0.491994683333326,0.25175702811245,61.3617021276595,"Switzerland","Sep-2018","110.4",100.4,NA
"580",9,"cz","201809",NA,0.40495027124774,60.4063572790846,"Czech Republic","Sep-2018","114.3809",117.1902,2.2
"581",9,"de","201809",0.483290750000001,0.250492125984252,61.8970711297072,"Germany","Sep-2018","105.99120000000001",107.509,3.3
"582",9,"dk","201809",0.484128816666665,0.313521003500583,59.1959269662922,"Denmark","Sep-2018","107.2",105.3561,4.9
"583",9,"es","201809",0.571068399999998,0.278188344594595,74.957596685083,"Spain","Sep-2018","105.2921",104.8,14.7
"584",9,"fi","201809",0.500476549999999,0.335245901639344,55.6624999999999,"Finland","Sep-2018","113.1189",106.5178,7.1
"585",9,"fr","201809",0.506915483333325,0.410181236673774,62.5177854671282,"France","Sep-2018","102.94",110.0908,8.8
"586",9,"gr","201809",0.446025298391282,0.25531208499336,73.7275017494754,"Greece","Sep-2018","107.974",101.7,18.8
"587",9,"hu","201809",0.475776699999998,0.303076923076923,63.2132796780684,"Hungary","Sep-2018","108.70910000000001",119.1709,3.7
"588",9,"ie","201809",0.4669186,0.242069892473118,54.3425,"Ireland","Sep-2018","99.983339999999998",115.9,5.7
"589",9,"is","201809",0.467578707940787,0.251408313908314,44.6200138985408,"Israel","Sep-2018","103.7002",119.6488,4.161134
"590",9,"it","201809",0.50061993333334,0.271619496855346,71.6576200417536,"Italy","Sep-2018","106.9911",99.4,10.3
"591",9,"jp","201809",0.518493499999998,0.193468468468468,74.6403811792732,"Japan","Sep-2018","103.2914",101.9836,2.3
"592",9,"mx","201809",0.605552833333333,0.50647271714922,64.5725752508361,"Mexico","Sep-2018","..",107.3698,3.277449
"593",9,"nl","201809",0.519866033333336,0.228005675954592,59.4478109798471,"Netherlands","Sep-2018","102.7914",107.609,4.8
"594",9,"no","201809",0.441629033333336,0.389024390243902,52.1913043478261,"Norway","Sep-2018","102.05589999999999",102.627,3.9
"595",9,"pl","201809",0.477586249999999,0.402275561097257,61.31875,"Poland","Sep-2018","117.9",120.1,3.9
"596",9,"pt","201809",0.469280483333332,0.273245073891626,73.4312717164696,"Portugal","Sep-2018","106.6691",113.0891,6.7
"597",9,"se","201809",0.478835466666665,0.508258928571429,55.1795407098123,"Sweden","Sep-2018","108.59099999999999",107.2,6.7
"598",9,"sk","201809",0.443566163349346,0.232438016528926,63.6571813890765,"Slovak Republic","Sep-2018","115.2192",112.7718,6.2
"599",9,"tr","201809",0.455290783333339,NA,NA,"Turkey","Sep-2018","112.19070000000001",104.9912,11.5
"600",9,"us","201809",0.424956533333332,0.488885414400696,70.4308139534883,"United States","Sep-2018","103.2139",104.5932,3.7
